,k,n_1st,A,n_2nd,Q (J/mol),mean_Atomic_Number,delta_Atomic_number,mean_VEC,delta_VEC,mean_Radius,delta_Radius,mean_AtomicMass,delta_AtomicMass,mean_Tm,delta_mean_Tm,mean_B_Tm,delta_B_Tm,mean_density,delta_density,mean_Vanderwaals_radius,delta_Vanderwaals_radius,mean_Pauling_electronegativity,delta_Pauling_electronegativity,mean_Covalent_radius,delta_Covalent_radius,mean_共价半径,delta_共价半径,mean_Electron_Affinity,delta_Electron_Affinity,mean_Specific_heat,delta_Specific_heat,mean_Young_modulus,delta_Young_modulus,mean_Shear_modulus,delta_Shear_modulus,mean_Bulk_modulus,delta_Bulk_modulus,mean_Ionization_Energy,delta_Ionization_Energy,mean_Heat_of_fusion,delta_Heat_of_fusion,mean_thermal_conductivity,delta_thermal_conductivity,mean_Sanderson_electronegative,delta_Atomic_Sanderson_electronegative,mean_Allred_Rochow_electronegative,delta_Allred_Rochow_electronegative,mean_Enthalpy_of_fusion,delta_Enthalpy_of_fusion,mean_Enthalpy_of_vaporisation,delta_Enthalpy_of_vaporisation,mean_Enthalpy_of_atomisation,delta_Enthalpy_of_atomisation,mean_Atomic_Volume,delta_Bulk_Atomic_Volume,mean_Cross_Section,delta_Cross_Section,mean_Electrochemical_Equivalent,delta_Electrochemical_Equivalent,mean_Electron_Work_Function,delta_Electron_Work_Function,mean_Heat_of_Vaporization,delta_Heat_of_Vaporization,mean_Molar_Volume,delta_Molar_Volume,Temperature (K)
Zr-2.5Nb,0.00191,1.8704,18.72559,2.12754,1733.338089,40.02455735,0.003866919,4.024557354,0.038456835,1.59872702,0.016844828,91.26141352,0.002859994,2143.274674,0.044916324,4687.226714,0.011061665,6.536904546,0.045222324,0.159582525,0.016487517,1.336630486,0.031263965,1.638035412,0.007558896,1.865157044,0.017425913,41.99695529,0.165219751,277.6843985,0.007372046,88.41747502,0.029757913,33.12278677,0.023363333,93.03757523,0.131253313,637.1586882,0.002914911,14.39291766,0.172053217,23.36373371,0.206020196,0.912769824,0.088172616,1.220245574,0.001268365,21.14243265,0.042458504,582.7013089,0.029217183,608.1433413,0.032575843,14.02067975,0.849317888,0.207722404,0.719756244,0.847029024,0.028802636,4.056139339,0.00953935,73.51887743,1.313222025,13.98092532,0.035646066,973
Zr-2.5Nb,1200.580929,2.37267,,,,40.02455735,0.003866919,4.024557354,0.038456835,1.59872702,0.016844828,91.26141352,0.002859994,2143.274674,0.044916324,4687.226714,0.011061665,6.536904546,0.045222324,0.159582525,0.016487517,1.336630486,0.031263965,1.638035412,0.007558896,1.865157044,0.017425913,41.99695529,0.165219751,277.6843985,0.007372046,88.41747502,0.029757913,33.12278677,0.023363333,93.03757523,0.131253313,637.1586882,0.002914911,14.39291766,0.172053217,23.36373371,0.206020196,0.912769824,0.088172616,1.220245574,0.001268365,21.14243265,0.042458504,582.7013089,0.029217183,608.1433413,0.032575843,14.02067975,0.849317888,0.207722404,0.719756244,0.847029024,0.028802636,4.056139339,0.00953935,73.51887743,1.313222025,13.98092532,0.035646066,1073
Zr-2.5Nb,2642.636882,2.31644,,,,40.02455735,0.003866919,4.024557354,0.038456835,1.59872702,0.016844828,91.26141352,0.002859994,2143.274674,0.044916324,4687.226714,0.011061665,6.536904546,0.045222324,0.159582525,0.016487517,1.336630486,0.031263965,1.638035412,0.007558896,1.865157044,0.017425913,41.99695529,0.165219751,277.6843985,0.007372046,88.41747502,0.029757913,33.12278677,0.023363333,93.03757523,0.131253313,637.1586882,0.002914911,14.39291766,0.172053217,23.36373371,0.206020196,0.912769824,0.088172616,1.220245574,0.001268365,21.14243265,0.042458504,582.7013089,0.029217183,608.1433413,0.032575843,14.02067975,0.849317888,0.207722404,0.719756244,0.847029024,0.028802636,4.056139339,0.00953935,73.51887743,1.313222025,13.98092532,0.035646066,1173
Zr-2.5Nb,416.4275702,1.95877,,,,40.02455735,0.003866919,4.024557354,0.038456835,1.59872702,0.016844828,91.26141352,0.002859994,2143.274674,0.044916324,4687.226714,0.011061665,6.536904546,0.045222324,0.159582525,0.016487517,1.336630486,0.031263965,1.638035412,0.007558896,1.865157044,0.017425913,41.99695529,0.165219751,277.6843985,0.007372046,88.41747502,0.029757913,33.12278677,0.023363333,93.03757523,0.131253313,637.1586882,0.002914911,14.39291766,0.172053217,23.36373371,0.206020196,0.912769824,0.088172616,1.220245574,0.001268365,21.14243265,0.042458504,582.7013089,0.029217183,608.1433413,0.032575843,14.02067975,0.849317888,0.207722404,0.719756244,0.847029024,0.028802636,4.056139339,0.00953935,73.51887743,1.313222025,13.98092532,0.035646066,1273
Zr-4Nb,5.61696497,1.78962,18.84785,1.87125,1912.930497,40.03930247,0.004853072,4.039302472,0.048105739,1.59616137,0.021182427,91.28627969,0.003589702,2152.446138,0.0561515,4692.166328,0.013873137,6.565067722,0.0565324,0.159331858,0.0207324,1.340611667,0.039134883,1.636855802,0.009496921,1.868253519,0.021841716,42.65800842,0.20421649,277.4893709,0.009262,88.66814202,0.037255001,33.19651236,0.029267176,94.20096504,0.162751471,637.3356297,0.003658612,14.62883955,0.21252664,23.82230688,0.253676271,0.920437285,0.109777266,1.220393025,0.001592222,21.22795434,0.053091271,584.3232719,0.036579922,610.0307164,0.040771955,13.97305302,0.851693685,0.221966188,0.845655685,0.844704751,0.036260786,4.059825618,0.011965639,82.71688203,1.465394256,13.93344604,0.04490561,973
Zr-4Nb,617.4116091,2.18465,,,,40.03930247,0.004853072,4.039302472,0.048105739,1.59616137,0.021182427,91.28627969,0.003589702,2152.446138,0.0561515,4692.166328,0.013873137,6.565067722,0.0565324,0.159331858,0.0207324,1.340611667,0.039134883,1.636855802,0.009496921,1.868253519,0.021841716,42.65800842,0.20421649,277.4893709,0.009262,88.66814202,0.037255001,33.19651236,0.029267176,94.20096504,0.162751471,637.3356297,0.003658612,14.62883955,0.21252664,23.82230688,0.253676271,0.920437285,0.109777266,1.220393025,0.001592222,21.22795434,0.053091271,584.3232719,0.036579922,610.0307164,0.040771955,13.97305302,0.851693685,0.221966188,0.845655685,0.844704751,0.036260786,4.059825618,0.011965639,82.71688203,1.465394256,13.93344604,0.04490561,1073
Zr-4Nb,122.2305509,1.82235,,,,40.03930247,0.004853072,4.039302472,0.048105739,1.59616137,0.021182427,91.28627969,0.003589702,2152.446138,0.0561515,4692.166328,0.013873137,6.565067722,0.0565324,0.159331858,0.0207324,1.340611667,0.039134883,1.636855802,0.009496921,1.868253519,0.021841716,42.65800842,0.20421649,277.4893709,0.009262,88.66814202,0.037255001,33.19651236,0.029267176,94.20096504,0.162751471,637.3356297,0.003658612,14.62883955,0.21252664,23.82230688,0.253676271,0.920437285,0.109777266,1.220393025,0.001592222,21.22795434,0.053091271,584.3232719,0.036579922,610.0307164,0.040771955,13.97305302,0.851693685,0.221966188,0.845655685,0.844704751,0.036260786,4.059825618,0.011965639,82.71688203,1.465394256,13.93344604,0.04490561,1173
Zr-4Nb,2051.607514,2.08829,,,,40.03930247,0.004853072,4.039302472,0.048105739,1.59616137,0.021182427,91.28627969,0.003589702,2152.446138,0.0561515,4692.166328,0.013873137,6.565067722,0.0565324,0.159331858,0.0207324,1.340611667,0.039134883,1.636855802,0.009496921,1.868253519,0.021841716,42.65800842,0.20421649,277.4893709,0.009262,88.66814202,0.037255001,33.19651236,0.029267176,94.20096504,0.162751471,637.3356297,0.003658612,14.62883955,0.21252664,23.82230688,0.253676271,0.920437285,0.109777266,1.220393025,0.001592222,21.22795434,0.053091271,584.3232719,0.036579922,610.0307164,0.040771955,13.97305302,0.851693685,0.221966188,0.845655685,0.844704751,0.036260786,4.059825618,0.011965639,82.71688203,1.465394256,13.93344604,0.04490561,1273
Zr-6Nb,7.523972861,1.78129,13.51461,1.7179325,1316.487741,40.05897513,0.005880783,4.058975133,0.058038827,1.592738327,0.025735928,91.31945566,0.004350431,2164.682533,0.06769104,4698.75667,0.016795652,6.602642504,0.068147605,0.158997423,0.02518801,1.345923286,0.047258341,1.635281989,0.011524772,1.872384778,0.026421606,43.53997316,0.242568818,277.2291687,0.011239421,89.00257726,0.044996771,33.29487567,0.035377539,95.75313799,0.194114958,637.5717016,0.004433914,14.94360213,0.25223172,24.43412664,0.299846223,0.930667069,0.131626705,1.220589751,0.001930035,21.34205577,0.064021634,586.4872646,0.044184415,612.548817,0.049227103,13.90951032,0.854772664,0.240969978,0.944385264,0.84160375,0.044123121,4.064743783,0.014489115,94.98868797,1.547064768,13.87010007,0.054690424,973
Zr-6Nb,1716.879785,2.31792,,,,40.05897513,0.005880783,4.058975133,0.058038827,1.592738327,0.025735928,91.31945566,0.004350431,2164.682533,0.06769104,4698.75667,0.016795652,6.602642504,0.068147605,0.158997423,0.02518801,1.345923286,0.047258341,1.635281989,0.011524772,1.872384778,0.026421606,43.53997316,0.242568818,277.2291687,0.011239421,89.00257726,0.044996771,33.29487567,0.035377539,95.75313799,0.194114958,637.5717016,0.004433914,14.94360213,0.25223172,24.43412664,0.299846223,0.930667069,0.131626705,1.220589751,0.001930035,21.34205577,0.064021634,586.4872646,0.044184415,612.548817,0.049227103,13.90951032,0.854772664,0.240969978,0.944385264,0.84160375,0.044123121,4.064743783,0.014489115,94.98868797,1.547064768,13.87010007,0.054690424,1073
Zr-6Nb,8.386294586,1.37857,,,,40.05897513,0.005880783,4.058975133,0.058038827,1.592738327,0.025735928,91.31945566,0.004350431,2164.682533,0.06769104,4698.75667,0.016795652,6.602642504,0.068147605,0.158997423,0.02518801,1.345923286,0.047258341,1.635281989,0.011524772,1.872384778,0.026421606,43.53997316,0.242568818,277.2291687,0.011239421,89.00257726,0.044996771,33.29487567,0.035377539,95.75313799,0.194114958,637.5717016,0.004433914,14.94360213,0.25223172,24.43412664,0.299846223,0.930667069,0.131626705,1.220589751,0.001930035,21.34205577,0.064021634,586.4872646,0.044184415,612.548817,0.049227103,13.90951032,0.854772664,0.240969978,0.944385264,0.84160375,0.044123121,4.064743783,0.014489115,94.98868797,1.547064768,13.87010007,0.054690424,1173
Zr-6Nb,37.80500422,1.57229,,,,40.05897513,0.005880783,4.058975133,0.058038827,1.592738327,0.025735928,91.31945566,0.004350431,2164.682533,0.06769104,4698.75667,0.016795652,6.602642504,0.068147605,0.158997423,0.02518801,1.345923286,0.047258341,1.635281989,0.011524772,1.872384778,0.026421606,43.53997316,0.242568818,277.2291687,0.011239421,89.00257726,0.044996771,33.29487567,0.035377539,95.75313799,0.194114958,637.5717016,0.004433914,14.94360213,0.25223172,24.43412664,0.299846223,0.930667069,0.131626705,1.220589751,0.001930035,21.34205577,0.064021634,586.4872646,0.044184415,612.548817,0.049227103,13.90951032,0.854772664,0.240969978,0.944385264,0.84160375,0.044123121,4.064743783,0.014489115,94.98868797,1.547064768,13.87010007,0.054690424,1273
Zr-10Nb,10.36349462,1.86052,15.10355,1.5927775,1582.865759,40.09836339,0.007426871,4.098363385,0.072664458,1.585884771,0.032674588,91.38588001,0.005495586,2189.182025,0.084613764,4711.951734,0.021172711,6.677874065,0.085178041,0.158327822,0.031976004,1.356558114,0.05927313,1.632130929,0.014597131,1.880656311,0.033253883,45.30582728,0.294690782,276.7081965,0.014235028,89.67217755,0.056457768,33.49181693,0.044459421,98.86087108,0.23767586,638.0443606,0.005600965,15.57381416,0.30595496,25.65910127,0.360953661,0.95114896,0.162812337,1.220983634,0.002439061,21.57050763,0.080075587,590.8199724,0.055445974,617.5905133,0.061722265,13.78228627,0.860644069,0.27901903,1.031040689,0.83539498,0.05619265,4.074590846,0.018272102,119.5590796,1.553800691,13.7432699,0.069774752,973
Zr-10Nb,10893.65824,2.57741,,,,40.09836339,0.007426871,4.098363385,0.072664458,1.585884771,0.032674588,91.38588001,0.005495586,2189.182025,0.084613764,4711.951734,0.021172711,6.677874065,0.085178041,0.158327822,0.031976004,1.356558114,0.05927313,1.632130929,0.014597131,1.880656311,0.033253883,45.30582728,0.294690782,276.7081965,0.014235028,89.67217755,0.056457768,33.49181693,0.044459421,98.86087108,0.23767586,638.0443606,0.005600965,15.57381416,0.30595496,25.65910127,0.360953661,0.95114896,0.162812337,1.220983634,0.002439061,21.57050763,0.080075587,590.8199724,0.055445974,617.5905133,0.061722265,13.78228627,0.860644069,0.27901903,1.031040689,0.83539498,0.05619265,4.074590846,0.018272102,119.5590796,1.553800691,13.7432699,0.069774752,1073
Zr-10Nb,861.7048238,2.08399,,,,40.09836339,0.007426871,4.098363385,0.072664458,1.585884771,0.032674588,91.38588001,0.005495586,2189.182025,0.084613764,4711.951734,0.021172711,6.677874065,0.085178041,0.158327822,0.031976004,1.356558114,0.05927313,1.632130929,0.014597131,1.880656311,0.033253883,45.30582728,0.294690782,276.7081965,0.014235028,89.67217755,0.056457768,33.49181693,0.044459421,98.86087108,0.23767586,638.0443606,0.005600965,15.57381416,0.30595496,25.65910127,0.360953661,0.95114896,0.162812337,1.220983634,0.002439061,21.57050763,0.080075587,590.8199724,0.055445974,617.5905133,0.061722265,13.78228627,0.860644069,0.27901903,1.031040689,0.83539498,0.05619265,4.074590846,0.018272102,119.5590796,1.553800691,13.7432699,0.069774752,1173
Zr-10Nb,1.740022444,0.99458,,,,40.09836339,0.007426871,4.098363385,0.072664458,1.585884771,0.032674588,91.38588001,0.005495586,2189.182025,0.084613764,4711.951734,0.021172711,6.677874065,0.085178041,0.158327822,0.031976004,1.356558114,0.05927313,1.632130929,0.014597131,1.880656311,0.033253883,45.30582728,0.294690782,276.7081965,0.014235028,89.67217755,0.056457768,33.49181693,0.044459421,98.86087108,0.23767586,638.0443606,0.005600965,15.57381416,0.30595496,25.65910127,0.360953661,0.95114896,0.162812337,1.220983634,0.002439061,21.57050763,0.080075587,590.8199724,0.055445974,617.5905133,0.061722265,13.78228627,0.860644069,0.27901903,1.031040689,0.83539498,0.05619265,4.074590846,0.018272102,119.5590796,1.553800691,13.7432699,0.069774752,1273
Zr-1Sn-0.3Nb-0.4Fe-0.1Cr,6.91902,2.17197,21.50447,2.108835,2322.114561,39.96027358,0.03954684,4.032561906,0.083488271,1.599634708,0.021246994,91.13628527,0.044801943,2115.392564,0.069895,4652.887077,0.046062106,6.511518696,0.025333466,0.15968552,0.020037293,1.339473821,0.05276265,1.634714749,0.025075372,1.863572791,0.016081598,41.41327115,0.161242206,278.998058,0.058104066,88.96057815,0.155147303,33.36624377,0.161496024,91.71546438,0.094558715,638.2669687,0.018201433,14.00460415,0.078624538,23.53316785,0.293464303,0.915878837,0.134883665,1.2272059,0.046252865,20.86170665,0.06648041,576.1537907,0.058155615,601.4455196,0.053925742,14.04964438,0.846845546,0.210858601,1.115081884,0.85045761,0.041142215,4.058608478,0.016107962,64.26368807,0.736409382,14.01141821,0.047955446,973
Zr-1Sn-0.3Nb-0.4Fe-0.1Cr,8.73786,1.83527,,,,39.96027358,0.03954684,4.032561906,0.083488271,1.599634708,0.021246994,91.13628527,0.044801943,2115.392564,0.069895,4652.887077,0.046062106,6.511518696,0.025333466,0.15968552,0.020037293,1.339473821,0.05276265,1.634714749,0.025075372,1.863572791,0.016081598,41.41327115,0.161242206,278.998058,0.058104066,88.96057815,0.155147303,33.36624377,0.161496024,91.71546438,0.094558715,638.2669687,0.018201433,14.00460415,0.078624538,23.53316785,0.293464303,0.915878837,0.134883665,1.2272059,0.046252865,20.86170665,0.06648041,576.1537907,0.058155615,601.4455196,0.053925742,14.04964438,0.846845546,0.210858601,1.115081884,0.85045761,0.041142215,4.058608478,0.016107962,64.26368807,0.736409382,14.01141821,0.047955446,1073
Zr-1Sn-0.3Nb-0.4Fe-0.1Cr,3222.55387,2.67058,,,,39.96027358,0.03954684,4.032561906,0.083488271,1.599634708,0.021246994,91.13628527,0.044801943,2115.392564,0.069895,4652.887077,0.046062106,6.511518696,0.025333466,0.15968552,0.020037293,1.339473821,0.05276265,1.634714749,0.025075372,1.863572791,0.016081598,41.41327115,0.161242206,278.998058,0.058104066,88.96057815,0.155147303,33.36624377,0.161496024,91.71546438,0.094558715,638.2669687,0.018201433,14.00460415,0.078624538,23.53316785,0.293464303,0.915878837,0.134883665,1.2272059,0.046252865,20.86170665,0.06648041,576.1537907,0.058155615,601.4455196,0.053925742,14.04964438,0.846845546,0.210858601,1.115081884,0.85045761,0.041142215,4.058608478,0.016107962,64.26368807,0.736409382,14.01141821,0.047955446,1173
Zr-1Sn-0.3Nb-0.4Fe-0.1Cr,3.82683,1.26157,,,,39.96027358,0.03954684,4.032561906,0.083488271,1.599634708,0.021246994,91.13628527,0.044801943,2115.392564,0.069895,4652.887077,0.046062106,6.511518696,0.025333466,0.15968552,0.020037293,1.339473821,0.05276265,1.634714749,0.025075372,1.863572791,0.016081598,41.41327115,0.161242206,278.998058,0.058104066,88.96057815,0.155147303,33.36624377,0.161496024,91.71546438,0.094558715,638.2669687,0.018201433,14.00460415,0.078624538,23.53316785,0.293464303,0.915878837,0.134883665,1.2272059,0.046252865,20.86170665,0.06648041,576.1537907,0.058155615,601.4455196,0.053925742,14.04964438,0.846845546,0.210858601,1.115081884,0.85045761,0.041142215,4.058608478,0.016107962,64.26368807,0.736409382,14.01141821,0.047955446,1273
Zr-1Sn-1Nb-0.4Fe,0.11012,1.15613,19.19719,1.902175,2143.469104,39.99517998,0.035876363,4.035954679,0.083316412,1.599056914,0.021116598,91.21661208,0.041039648,2119.565034,0.074032126,4658.210114,0.043845715,6.523436463,0.03454843,0.159626299,0.020087879,1.340758873,0.0542128,1.634756736,0.023875609,1.86496657,0.018485868,41.68142398,0.181389601,278.6079296,0.052446683,88.74318878,0.127995976,33.25707726,0.125807447,92.13739005,0.113331761,638.3282772,0.018243363,14.10229101,0.120266026,23.62264905,0.284892099,0.918133357,0.137956994,1.226684513,0.044872739,20.90232344,0.070402447,577.3291814,0.057776359,602.6869838,0.054951827,14.03945325,0.847656493,0.212405744,1.017878135,0.850299394,0.035432029,4.059544793,0.016219009,68.05430657,1.00866647,14.00026233,0.048060769,973
Zr-1Sn-1Nb-0.4Fe,2.08526,1.52784,,,,39.99517998,0.035876363,4.035954679,0.083316412,1.599056914,0.021116598,91.21661208,0.041039648,2119.565034,0.074032126,4658.210114,0.043845715,6.523436463,0.03454843,0.159626299,0.020087879,1.340758873,0.0542128,1.634756736,0.023875609,1.86496657,0.018485868,41.68142398,0.181389601,278.6079296,0.052446683,88.74318878,0.127995976,33.25707726,0.125807447,92.13739005,0.113331761,638.3282772,0.018243363,14.10229101,0.120266026,23.62264905,0.284892099,0.918133357,0.137956994,1.226684513,0.044872739,20.90232344,0.070402447,577.3291814,0.057776359,602.6869838,0.054951827,14.03945325,0.847656493,0.212405744,1.017878135,0.850299394,0.035432029,4.059544793,0.016219009,68.05430657,1.00866647,14.00026233,0.048060769,1073
Zr-1Sn-1Nb-0.4Fe,2007.30749,2.54575,,,,39.99517998,0.035876363,4.035954679,0.083316412,1.599056914,0.021116598,91.21661208,0.041039648,2119.565034,0.074032126,4658.210114,0.043845715,6.523436463,0.03454843,0.159626299,0.020087879,1.340758873,0.0542128,1.634756736,0.023875609,1.86496657,0.018485868,41.68142398,0.181389601,278.6079296,0.052446683,88.74318878,0.127995976,33.25707726,0.125807447,92.13739005,0.113331761,638.3282772,0.018243363,14.10229101,0.120266026,23.62264905,0.284892099,0.918133357,0.137956994,1.226684513,0.044872739,20.90232344,0.070402447,577.3291814,0.057776359,602.6869838,0.054951827,14.03945325,0.847656493,0.212405744,1.017878135,0.850299394,0.035432029,4.059544793,0.016219009,68.05430657,1.00866647,14.00026233,0.048060769,1173
Zr-1Sn-1Nb-0.4Fe,5.34302,1.29153,,,,39.99517998,0.035876363,4.035954679,0.083316412,1.599056914,0.021116598,91.21661208,0.041039648,2119.565034,0.074032126,4658.210114,0.043845715,6.523436463,0.03454843,0.159626299,0.020087879,1.340758873,0.0542128,1.634756736,0.023875609,1.86496657,0.018485868,41.68142398,0.181389601,278.6079296,0.052446683,88.74318878,0.127995976,33.25707726,0.125807447,92.13739005,0.113331761,638.3282772,0.018243363,14.10229101,0.120266026,23.62264905,0.284892099,0.918133357,0.137956994,1.226684513,0.044872739,20.90232344,0.070402447,577.3291814,0.057776359,602.6869838,0.054951827,14.03945325,0.847656493,0.212405744,1.017878135,0.850299394,0.035432029,4.059544793,0.016219009,68.05430657,1.00866647,14.00026233,0.048060769,1273
Zr-0.75Sn-0.35Fe-0.15Cr,591.62332,1.792,18.59439,1.360616667,2399.972413,39.93558489,0.038489497,4.028088148,0.078918475,1.600101312,0.020448281,91.07315912,0.043248954,2116.988886,0.059026511,4655.150875,0.042975102,6.503902972,0.018543242,0.159730721,0.019205196,1.337346177,0.046953534,1.635442417,0.023899325,1.862319205,0.013003776,41.19448026,0.133656029,279.1440697,0.057590753,89.04180669,0.160441425,33.41114293,0.170442431,91.54210885,0.08030461,638.0050692,0.016684062,13.97720171,0.045696842,23.37159538,0.280810968,0.91281247,0.124924693,1.226167769,0.04246432,20.87703099,0.056861963,576.3681254,0.053001806,601.625486,0.048076932,14.05465032,0.846498195,0.207767593,1.130050608,0.850095559,0.041553807,4.057021688,0.014957126,61.98222948,0.51281197,14.01677355,0.045492445,1073
Zr-0.75Sn-0.35Fe-0.15Cr,194.57581,1.04647,,,,39.93558489,0.038489497,4.028088148,0.078918475,1.600101312,0.020448281,91.07315912,0.043248954,2116.988886,0.059026511,4655.150875,0.042975102,6.503902972,0.018543242,0.159730721,0.019205196,1.337346177,0.046953534,1.635442417,0.023899325,1.862319205,0.013003776,41.19448026,0.133656029,279.1440697,0.057590753,89.04180669,0.160441425,33.41114293,0.170442431,91.54210885,0.08030461,638.0050692,0.016684062,13.97720171,0.045696842,23.37159538,0.280810968,0.91281247,0.124924693,1.226167769,0.04246432,20.87703099,0.056861963,576.3681254,0.053001806,601.625486,0.048076932,14.05465032,0.846498195,0.207767593,1.130050608,0.850095559,0.041553807,4.057021688,0.014957126,61.98222948,0.51281197,14.01677355,0.045492445,1273
Zr-0.75Sn-0.35Fe-0.15Cr,1971.17768,1.24204,,,,39.93558489,0.038489497,4.028088148,0.078918475,1.600101312,0.020448281,91.07315912,0.043248954,2116.988886,0.059026511,4655.150875,0.042975102,6.503902972,0.018543242,0.159730721,0.019205196,1.337346177,0.046953534,1.635442417,0.023899325,1.862319205,0.013003776,41.19448026,0.133656029,279.1440697,0.057590753,89.04180669,0.160441425,33.41114293,0.170442431,91.54210885,0.08030461,638.0050692,0.016684062,13.97720171,0.045696842,23.37159538,0.280810968,0.91281247,0.124924693,1.226167769,0.04246432,20.87703099,0.056861963,576.3681254,0.053001806,601.625486,0.048076932,14.05465032,0.846498195,0.207767593,1.130050608,0.850095559,0.041553807,4.057021688,0.014957126,61.98222948,0.51281197,14.01677355,0.045492445,1473
Zr-0.75Sn-0.35Fe-0.15Cr-0.15Nb,61.03902,1.38145,18.47841,1.323346667,2377.308891,39.93705362,0.038502104,4.029559358,0.07942975,1.599845378,0.020858231,91.07563497,0.043255201,2117.903203,0.060102812,4655.642827,0.04307209,6.506711901,0.021638799,0.159705717,0.019623299,1.337743397,0.047538797,1.635324659,0.023966397,1.862628063,0.013685665,41.26041133,0.139705881,279.1246519,0.057629071,89.06683268,0.160544728,33.41850638,0.170487726,91.65813884,0.086651351,638.0227462,0.016696421,14.00072817,0.063279323,23.41734718,0.284622766,0.913577449,0.126620248,1.226182643,0.042464104,20.88555623,0.057868579,576.5297756,0.053522678,601.8136112,0.048784598,14.04989957,0.846745344,0.209188688,1.135572136,0.849863752,0.042162817,4.057389493,0.015130824,62.89959432,0.630893401,14.01203756,0.046330029,1073
Zr-0.75Sn-0.35Fe-0.15Cr-0.15Nb,95.04612,0.74361,,,,39.93705362,0.038502104,4.029559358,0.07942975,1.599845378,0.020858231,91.07563497,0.043255201,2117.903203,0.060102812,4655.642827,0.04307209,6.506711901,0.021638799,0.159705717,0.019623299,1.337743397,0.047538797,1.635324659,0.023966397,1.862628063,0.013685665,41.26041133,0.139705881,279.1246519,0.057629071,89.06683268,0.160544728,33.41850638,0.170487726,91.65813884,0.086651351,638.0227462,0.016696421,14.00072817,0.063279323,23.41734718,0.284622766,0.913577449,0.126620248,1.226182643,0.042464104,20.88555623,0.057868579,576.5297756,0.053522678,601.8136112,0.048784598,14.04989957,0.846745344,0.209188688,1.135572136,0.849863752,0.042162817,4.057389493,0.015130824,62.89959432,0.630893401,14.01203756,0.046330029,1273
Zr-0.75Sn-0.35Fe-0.15Cr-0.15Nb,4337.10537,1.29513,,,,39.93705362,0.038502104,4.029559358,0.07942975,1.599845378,0.020858231,91.07563497,0.043255201,2117.903203,0.060102812,4655.642827,0.04307209,6.506711901,0.021638799,0.159705717,0.019623299,1.337743397,0.047538797,1.635324659,0.023966397,1.862628063,0.013685665,41.26041133,0.139705881,279.1246519,0.057629071,89.06683268,0.160544728,33.41850638,0.170487726,91.65813884,0.086651351,638.0227462,0.016696421,14.00072817,0.063279323,23.41734718,0.284622766,0.913577449,0.126620248,1.226182643,0.042464104,20.88555623,0.057868579,576.5297756,0.053522678,601.8136112,0.048784598,14.04989957,0.846745344,0.209188688,1.135572136,0.849863752,0.042162817,4.057389493,0.015130824,62.89959432,0.630893401,14.01203756,0.046330029,1473
Zr-0.75Sn-0.35Fe-0.15Cr-0.3Nb,23.55064,1.17822,15.94047,1.19411,2098.55003,39.9385224,0.038514669,4.031030642,0.079935365,1.599589429,0.021259348,91.07811088,0.043261427,2118.817569,0.061155363,4656.134806,0.043168563,6.509520976,0.024331933,0.159680711,0.020031727,1.338140638,0.048114452,1.635206894,0.024033088,1.862936936,0.014332849,41.32634585,0.14545065,279.1052327,0.057667287,89.09185979,0.160647335,33.42587013,0.170532661,91.77417501,0.092517924,638.0404234,0.016708723,14.0242559,0.076824213,23.46310133,0.288341019,0.914342468,0.128282379,1.226197515,0.042463883,20.89408192,0.058853593,576.6914345,0.054036519,602.0017466,0.049479334,14.04514855,0.846991876,0.210609856,1.140828831,0.849631932,0.042762087,4.057757314,0.01530196,63.81700849,0.724466703,14.00730131,0.047151453,1073
Zr-0.75Sn-0.35Fe-0.15Cr-0.3Nb,172.01312,0.85323,,,,39.9385224,0.038514669,4.031030642,0.079935365,1.599589429,0.021259348,91.07811088,0.043261427,2118.817569,0.061155363,4656.134806,0.043168563,6.509520976,0.024331933,0.159680711,0.020031727,1.338140638,0.048114452,1.635206894,0.024033088,1.862936936,0.014332849,41.32634585,0.14545065,279.1052327,0.057667287,89.09185979,0.160647335,33.42587013,0.170532661,91.77417501,0.092517924,638.0404234,0.016708723,14.0242559,0.076824213,23.46310133,0.288341019,0.914342468,0.128282379,1.226197515,0.042463883,20.89408192,0.058853593,576.6914345,0.054036519,602.0017466,0.049479334,14.04514855,0.846991876,0.210609856,1.140828831,0.849631932,0.042762087,4.057757314,0.01530196,63.81700849,0.724466703,14.00730131,0.047151453,1273
Zr-0.75Sn-0.35Fe-0.15Cr-0.3Nb,59029.61211,1.55551,,,,39.9385224,0.038514669,4.031030642,0.079935365,1.599589429,0.021259348,91.07811088,0.043261427,2118.817569,0.061155363,4656.134806,0.043168563,6.509520976,0.024331933,0.159680711,0.020031727,1.338140638,0.048114452,1.635206894,0.024033088,1.862936936,0.014332849,41.32634585,0.14545065,279.1052327,0.057667287,89.09185979,0.160647335,33.42587013,0.170532661,91.77417501,0.092517924,638.0404234,0.016708723,14.0242559,0.076824213,23.46310133,0.288341019,0.914342468,0.128282379,1.226197515,0.042463883,20.89408192,0.058853593,576.6914345,0.054036519,602.0017466,0.049479334,14.04514855,0.846991876,0.210609856,1.140828831,0.849631932,0.042762087,4.057757314,0.01530196,63.81700849,0.724466703,14.00730131,0.047151453,1473
Zr-0.75Sn-0.35Fe-0.15Cr-0.5Nb,3.40347,0.83069,14.69341,1.197436667,1905.742324,39.94048091,0.038531363,4.032992486,0.080600911,1.599248142,0.021781275,91.08141236,0.043269704,2120.036802,0.062523918,4656.790818,0.043296406,6.513266653,0.027499382,0.159647367,0.020562245,1.338670327,0.048867647,1.635049864,0.024121425,1.863348794,0.015149436,41.41426424,0.152695747,279.0793393,0.057718098,89.12523172,0.160783112,33.43568923,0.170592068,91.92889987,0.099739119,638.0639953,0.01672504,14.05562821,0.091672632,23.5241109,0.293160072,0.915362561,0.130448858,1.226217348,0.042463585,20.90545023,0.060135197,576.9069934,0.054711063,602.2526095,0.050386476,14.03881347,0.847319628,0.212504873,1.147446032,0.849322819,0.043546671,4.058247778,0.015526305,65.04030551,0.825875616,14.00098591,0.048222972,1073
Zr-0.75Sn-0.35Fe-0.15Cr-0.5Nb,125.53651,0.92126,,,,39.94048091,0.038531363,4.032992486,0.080600911,1.599248142,0.021781275,91.08141236,0.043269704,2120.036802,0.062523918,4656.790818,0.043296406,6.513266653,0.027499382,0.159647367,0.020562245,1.338670327,0.048867647,1.635049864,0.024121425,1.863348794,0.015149436,41.41426424,0.152695747,279.0793393,0.057718098,89.12523172,0.160783112,33.43568923,0.170592068,91.92889987,0.099739119,638.0639953,0.01672504,14.05562821,0.091672632,23.5241109,0.293160072,0.915362561,0.130448858,1.226217348,0.042463585,20.90545023,0.060135197,576.9069934,0.054711063,602.2526095,0.050386476,14.03881347,0.847319628,0.212504873,1.147446032,0.849322819,0.043546671,4.058247778,0.015526305,65.04030551,0.825875616,14.00098591,0.048222972,1273
Zr-0.75Sn-0.35Fe-0.15Cr-0.5Nb,9521.72502,1.39908,,,,39.94048091,0.038531363,4.032992486,0.080600911,1.599248142,0.021781275,91.08141236,0.043269704,2120.036802,0.062523918,4656.790818,0.043296406,6.513266653,0.027499382,0.159647367,0.020562245,1.338670327,0.048867647,1.635049864,0.024121425,1.863348794,0.015149436,41.41426424,0.152695747,279.0793393,0.057718098,89.12523172,0.160783112,33.43568923,0.170592068,91.92889987,0.099739119,638.0639953,0.01672504,14.05562821,0.091672632,23.5241109,0.293160072,0.915362561,0.130448858,1.226217348,0.042463585,20.90545023,0.060135197,576.9069934,0.054711063,602.2526095,0.050386476,14.03881347,0.847319628,0.212504873,1.147446032,0.849322819,0.043546671,4.058247778,0.015526305,65.04030551,0.825875616,14.00098591,0.048222972,1473
Zr-0.75Sn-0.35Fe-0.15Cr-1Nb,2.74032,0.79187,12.50327,1.116596667,1675.948503,39.94537773,0.038572778,4.037897706,0.082223259,1.598394814,0.023027721,91.08966688,0.043290249,2123.085266,0.065786402,4658.431052,0.043612103,6.522632017,0.034090524,0.159563997,0.021825415,1.339994714,0.050683428,1.634657237,0.024339378,1.864378565,0.017005291,41.63408783,0.169107765,279.0145966,0.057844369,89.20867164,0.161117284,33.46023988,0.170737905,92.31576082,0.115558235,638.1229308,0.016765401,14.1340689,0.120495382,23.67665394,0.304566057,0.917913112,0.135633867,1.226266934,0.042462811,20.93387459,0.063194084,577.4459581,0.056347211,602.8798457,0.052565463,14.02297373,0.848134255,0.217243009,1.162184357,0.848549938,0.045441092,4.059474083,0.01606911,68.09893513,1.011205342,13.98519539,0.050793658,1073
Zr-0.75Sn-0.35Fe-0.15Cr-1Nb,5.88739,0.6171,,,,39.94537773,0.038572778,4.037897706,0.082223259,1.598394814,0.023027721,91.08966688,0.043290249,2123.085266,0.065786402,4658.431052,0.043612103,6.522632017,0.034090524,0.159563997,0.021825415,1.339994714,0.050683428,1.634657237,0.024339378,1.864378565,0.017005291,41.63408783,0.169107765,279.0145966,0.057844369,89.20867164,0.161117284,33.46023988,0.170737905,92.31576082,0.115558235,638.1229308,0.016765401,14.1340689,0.120495382,23.67665394,0.304566057,0.917913112,0.135633867,1.226266934,0.042462811,20.93387459,0.063194084,577.4459581,0.056347211,602.8798457,0.052565463,14.02297373,0.848134255,0.217243009,1.162184357,0.848549938,0.045441092,4.059474083,0.01606911,68.09893513,1.011205342,13.98519539,0.050793658,1273
Zr-0.75Sn-0.35Fe-0.15Cr-1Nb,2728.48576,1.25624,,,,39.94537773,0.038572778,4.037897706,0.082223259,1.598394814,0.023027721,91.08966688,0.043290249,2123.085266,0.065786402,4658.431052,0.043612103,6.522632017,0.034090524,0.159563997,0.021825415,1.339994714,0.050683428,1.634657237,0.024339378,1.864378565,0.017005291,41.63408783,0.169107765,279.0145966,0.057844369,89.20867164,0.161117284,33.46023988,0.170737905,92.31576082,0.115558235,638.1229308,0.016765401,14.1340689,0.120495382,23.67665394,0.304566057,0.917913112,0.135633867,1.226266934,0.042462811,20.93387459,0.063194084,577.4459581,0.056347211,602.8798457,0.052565463,14.02297373,0.848134255,0.217243009,1.162184357,0.848549938,0.045441092,4.059474083,0.01606911,68.09893513,1.011205342,13.98519539,0.050793658,1473
Zr-0.5Nb-0.3Fe-0.1Cr-1Sn,2.86392,2.42203,19.97776,1.869391667,2402.230312,39.98507482,0.03694483,4.028014166,0.07428452,1.59988207,0.019794813,91.19732217,0.041970464,2117.122958,0.070869772,4656.050541,0.044246689,6.513143359,0.027257159,0.159707463,0.01871901,1.339193637,0.051400549,1.635207429,0.023187346,1.863856802,0.016733805,41.54286689,0.165681065,278.6926792,0.052710252,88.77738191,0.14364284,33.29627885,0.150855473,91.74191517,0.095824598,638.0926619,0.016555461,14.03632889,0.093284895,23.50045026,0.282997177,0.914787194,0.125002319,1.226544418,0.044246689,20.88475961,0.06620862,576.7477011,0.056523823,602.004736,0.053298494,14.05470181,0.846830446,0.208892592,1.049192465,0.850403202,0.041306273,4.058043472,0.015027851,65.01648746,0.822067372,14.01641481,0.044766552,943
Zr-0.5Nb-0.3Fe-0.1Cr-1Sn,2332.96504,2.76153,,,,39.98507482,0.03694483,4.028014166,0.07428452,1.59988207,0.019794813,91.19732217,0.041970464,2117.122958,0.070869772,4656.050541,0.044246689,6.513143359,0.027257159,0.159707463,0.01871901,1.339193637,0.051400549,1.635207429,0.023187346,1.863856802,0.016733805,41.54286689,0.165681065,278.6926792,0.052710252,88.77738191,0.14364284,33.29627885,0.150855473,91.74191517,0.095824598,638.0926619,0.016555461,14.03632889,0.093284895,23.50045026,0.282997177,0.914787194,0.125002319,1.226544418,0.044246689,20.88475961,0.06620862,576.7477011,0.056523823,602.004736,0.053298494,14.05470181,0.846830446,0.208892592,1.049192465,0.850403202,0.041306273,4.058043472,0.015027851,65.01648746,0.822067372,14.01641481,0.044766552,1223
Zr-0.5Nb-0.3Fe-0.1Cr-1Sn,185.81134,1.80606,,,,39.98507482,0.03694483,4.028014166,0.07428452,1.59988207,0.019794813,91.19732217,0.041970464,2117.122958,0.070869772,4656.050541,0.044246689,6.513143359,0.027257159,0.159707463,0.01871901,1.339193637,0.051400549,1.635207429,0.023187346,1.863856802,0.016733805,41.54286689,0.165681065,278.6926792,0.052710252,88.77738191,0.14364284,33.29627885,0.150855473,91.74191517,0.095824598,638.0926619,0.016555461,14.03632889,0.093284895,23.50045026,0.282997177,0.914787194,0.125002319,1.226544418,0.044246689,20.88475961,0.06620862,576.7477011,0.056523823,602.004736,0.053298494,14.05470181,0.846830446,0.208892592,1.049192465,0.850403202,0.041306273,4.058043472,0.015027851,65.01648746,0.822067372,14.01641481,0.044766552,1373
Zr-0.5Nb-0.3Fe-0.1Cr-1Sn,420.46192,1.82485,,,,39.98507482,0.03694483,4.028014166,0.07428452,1.59988207,0.019794813,91.19732217,0.041970464,2117.122958,0.070869772,4656.050541,0.044246689,6.513143359,0.027257159,0.159707463,0.01871901,1.339193637,0.051400549,1.635207429,0.023187346,1.863856802,0.016733805,41.54286689,0.165681065,278.6926792,0.052710252,88.77738191,0.14364284,33.29627885,0.150855473,91.74191517,0.095824598,638.0926619,0.016555461,14.03632889,0.093284895,23.50045026,0.282997177,0.914787194,0.125002319,1.226544418,0.044246689,20.88475961,0.06620862,576.7477011,0.056523823,602.004736,0.053298494,14.05470181,0.846830446,0.208892592,1.049192465,0.850403202,0.041306273,4.058043472,0.015027851,65.01648746,0.822067372,14.01641481,0.044766552,1423
Zr-0.5Nb-0.3Fe-0.1Cr-1Sn,43.71759,1.51924,,,,39.98507482,0.03694483,4.028014166,0.07428452,1.59988207,0.019794813,91.19732217,0.041970464,2117.122958,0.070869772,4656.050541,0.044246689,6.513143359,0.027257159,0.159707463,0.01871901,1.339193637,0.051400549,1.635207429,0.023187346,1.863856802,0.016733805,41.54286689,0.165681065,278.6926792,0.052710252,88.77738191,0.14364284,33.29627885,0.150855473,91.74191517,0.095824598,638.0926619,0.016555461,14.03632889,0.093284895,23.50045026,0.282997177,0.914787194,0.125002319,1.226544418,0.044246689,20.88475961,0.06620862,576.7477011,0.056523823,602.004736,0.053298494,14.05470181,0.846830446,0.208892592,1.049192465,0.850403202,0.041306273,4.058043472,0.015027851,65.01648746,0.822067372,14.01641481,0.044766552,1473
Zr-0.5Nb-0.3Fe-0.1Cr-1Sn,3.96933,1.17481,,,,39.98507482,0.03694483,4.028014166,0.07428452,1.59988207,0.019794813,91.19732217,0.041970464,2117.122958,0.070869772,4656.050541,0.044246689,6.513143359,0.027257159,0.159707463,0.01871901,1.339193637,0.051400549,1.635207429,0.023187346,1.863856802,0.016733805,41.54286689,0.165681065,278.6926792,0.052710252,88.77738191,0.14364284,33.29627885,0.150855473,91.74191517,0.095824598,638.0926619,0.016555461,14.03632889,0.093284895,23.50045026,0.282997177,0.914787194,0.125002319,1.226544418,0.044246689,20.88475961,0.06620862,576.7477011,0.056523823,602.004736,0.053298494,14.05470181,0.846830446,0.208892592,1.049192465,0.850403202,0.041306273,4.058043472,0.015027851,65.01648746,0.822067372,14.01641481,0.044766552,1523
Zr-1.5Sn-0.4Fe-0.1Cr,54.50702,2.69144,27.47737,2.4154575,2919.740173,39.99571207,0.04245314,4.029651748,0.082570319,1.600208941,0.020459589,91.23686436,0.048514657,2107.30954,0.083007863,4644.87791,0.051803824,6.508978155,0.021198361,0.159742942,0.019239915,1.341109824,0.059077184,1.634022319,0.02651286,1.864149335,0.018065154,41.53693554,0.179384754,278.8420952,0.059238732,88.76514215,0.157627178,33.2958119,0.16411878,91.35726738,0.08579049,638.5087607,0.019417621,13.93068714,0.057493461,23.61242808,0.306134269,0.916631673,0.137109253,1.229105813,0.052443672,20.79066683,0.076882677,574.7110502,0.065065528,599.9001144,0.0611172,14.06755892,0.846048401,0.209740857,1.101821031,0.85190605,0.043981374,4.059303305,0.016723213,63.34566942,0.574187051,14.0294974,0.047405244,973
Zr-1.5Sn-0.4Fe-0.1Cr,287.44437,2.6294,,,,39.99571207,0.04245314,4.029651748,0.082570319,1.600208941,0.020459589,91.23686436,0.048514657,2107.30954,0.083007863,4644.87791,0.051803824,6.508978155,0.021198361,0.159742942,0.019239915,1.341109824,0.059077184,1.634022319,0.02651286,1.864149335,0.018065154,41.53693554,0.179384754,278.8420952,0.059238732,88.76514215,0.157627178,33.2958119,0.16411878,91.35726738,0.08579049,638.5087607,0.019417621,13.93068714,0.057493461,23.61242808,0.306134269,0.916631673,0.137109253,1.229105813,0.052443672,20.79066683,0.076882677,574.7110502,0.065065528,599.9001144,0.0611172,14.06755892,0.846048401,0.209740857,1.101821031,0.85190605,0.043981374,4.059303305,0.016723213,63.34566942,0.574187051,14.0294974,0.047405244,1073
Zr-1.5Sn-0.4Fe-0.1Cr,4629.50191,2.76855,,,,39.99571207,0.04245314,4.029651748,0.082570319,1.600208941,0.020459589,91.23686436,0.048514657,2107.30954,0.083007863,4644.87791,0.051803824,6.508978155,0.021198361,0.159742942,0.019239915,1.341109824,0.059077184,1.634022319,0.02651286,1.864149335,0.018065154,41.53693554,0.179384754,278.8420952,0.059238732,88.76514215,0.157627178,33.2958119,0.16411878,91.35726738,0.08579049,638.5087607,0.019417621,13.93068714,0.057493461,23.61242808,0.306134269,0.916631673,0.137109253,1.229105813,0.052443672,20.79066683,0.076882677,574.7110502,0.065065528,599.9001144,0.0611172,14.06755892,0.846048401,0.209740857,1.101821031,0.85190605,0.043981374,4.059303305,0.016723213,63.34566942,0.574187051,14.0294974,0.047405244,1173
Zr-1.5Sn-0.4Fe-0.1Cr,21.05011,1.57244,,,,39.99571207,0.04245314,4.029651748,0.082570319,1.600208941,0.020459589,91.23686436,0.048514657,2107.30954,0.083007863,4644.87791,0.051803824,6.508978155,0.021198361,0.159742942,0.019239915,1.341109824,0.059077184,1.634022319,0.02651286,1.864149335,0.018065154,41.53693554,0.179384754,278.8420952,0.059238732,88.76514215,0.157627178,33.2958119,0.16411878,91.35726738,0.08579049,638.5087607,0.019417621,13.93068714,0.057493461,23.61242808,0.306134269,0.916631673,0.137109253,1.229105813,0.052443672,20.79066683,0.076882677,574.7110502,0.065065528,599.9001144,0.0611172,14.06755892,0.846048401,0.209740857,1.101821031,0.85190605,0.043981374,4.059303305,0.016723213,63.34566942,0.574187051,14.0294974,0.047405244,1273
Zr-1Nb-1Sn-0.1Fe,66570.97713,2.76043,26.64368,2.24953,2901.640225,40.06390993,0.026135486,4.016383396,0.047079477,1.600826803,0.014104351,91.39031924,0.030687559,2121.105421,0.07334053,4665.756377,0.03732744,6.517068118,0.031763819,0.159792525,0.01359978,1.338324393,0.047917518,1.636710726,0.016815208,1.864583233,0.018290624,41.80688582,0.175657187,277.7670676,0.03008326,88.09158228,0.07440466,33.01697985,0.073043983,91.75197146,0.097075745,637.7333887,0.012594166,14.1034187,0.12036273,23.3408021,0.232595171,0.911784969,0.097892592,1.224635068,0.038238309,20.93748898,0.066193261,578.4681109,0.05048835,603.6154672,0.050389749,14.07370751,0.846626779,0.200793825,0.697957316,0.851065919,0.033019796,4.056371509,0.011873302,66.64231652,0.987411103,14.03427264,0.033372391,1285
Zr-1Nb-1Sn-0.1Fe,2144.06258,2.0394,,,,40.06390993,0.026135486,4.016383396,0.047079477,1.600826803,0.014104351,91.39031924,0.030687559,2121.105421,0.07334053,4665.756377,0.03732744,6.517068118,0.031763819,0.159792525,0.01359978,1.338324393,0.047917518,1.636710726,0.016815208,1.864583233,0.018290624,41.80688582,0.175657187,277.7670676,0.03008326,88.09158228,0.07440466,33.01697985,0.073043983,91.75197146,0.097075745,637.7333887,0.012594166,14.1034187,0.12036273,23.3408021,0.232595171,0.911784969,0.097892592,1.224635068,0.038238309,20.93748898,0.066193261,578.4681109,0.05048835,603.6154672,0.050389749,14.07370751,0.846626779,0.200793825,0.697957316,0.851065919,0.033019796,4.056371509,0.011873302,66.64231652,0.987411103,14.03427264,0.033372391,1373
Zr-1Nb-1Sn-0.1Fe,2985.38045,1.94876,,,,40.06390993,0.026135486,4.016383396,0.047079477,1.600826803,0.014104351,91.39031924,0.030687559,2121.105421,0.07334053,4665.756377,0.03732744,6.517068118,0.031763819,0.159792525,0.01359978,1.338324393,0.047917518,1.636710726,0.016815208,1.864583233,0.018290624,41.80688582,0.175657187,277.7670676,0.03008326,88.09158228,0.07440466,33.01697985,0.073043983,91.75197146,0.097075745,637.7333887,0.012594166,14.1034187,0.12036273,23.3408021,0.232595171,0.911784969,0.097892592,1.224635068,0.038238309,20.93748898,0.066193261,578.4681109,0.05048835,603.6154672,0.050389749,14.07370751,0.846626779,0.200793825,0.697957316,0.851065919,0.033019796,4.056371509,0.011873302,66.64231652,0.987411103,14.03427264,0.033372391,1473
Zr-1Nb-0.05Fe-0.02Cr,20530.26563,2.831,33.72731,2.2534,4171.265266,39.99277141,0.012740234,4.013783477,0.03867219,1.600872303,0.013156692,91.1939044,0.013822959,2133.864739,0.029063336,4680.418069,0.013688369,6.510063179,0.029538855,0.159793795,0.012702715,1.333174269,0.023092853,1.638768858,0.0093046,1.86213714,0.011185514,41.32352154,0.108903712,278.0794172,0.021573832,88.34246713,0.061958773,33.1178534,0.064413293,91.96305192,0.089078849,637.0856655,0.005771761,14.15935106,0.111770986,22.97747501,0.162038963,0.906432272,0.071457942,1.220560376,0.011151419,21.05087627,0.028896675,580.8049285,0.023280271,606.0282985,0.023592013,14.06016961,0.847121652,0.196444952,0.655806408,0.849040028,0.022285801,4.053142533,0.007878259,64.66132097,0.962804971,14.02051555,0.02794318,1273
Zr-1Nb-0.05Fe-0.02Cr,582.10246,1.91163,,,,39.99277141,0.012740234,4.013783477,0.03867219,1.600872303,0.013156692,91.1939044,0.013822959,2133.864739,0.029063336,4680.418069,0.013688369,6.510063179,0.029538855,0.159793795,0.012702715,1.333174269,0.023092853,1.638768858,0.0093046,1.86213714,0.011185514,41.32352154,0.108903712,278.0794172,0.021573832,88.34246713,0.061958773,33.1178534,0.064413293,91.96305192,0.089078849,637.0856655,0.005771761,14.15935106,0.111770986,22.97747501,0.162038963,0.906432272,0.071457942,1.220560376,0.011151419,21.05087627,0.028896675,580.8049285,0.023280271,606.0282985,0.023592013,14.06016961,0.847121652,0.196444952,0.655806408,0.849040028,0.022285801,4.053142533,0.007878259,64.66132097,0.962804971,14.02051555,0.02794318,1373
Zr-1Nb-0.05Fe-0.02Cr,4124.42648,2.01757,,,,39.99277141,0.012740234,4.013783477,0.03867219,1.600872303,0.013156692,91.1939044,0.013822959,2133.864739,0.029063336,4680.418069,0.013688369,6.510063179,0.029538855,0.159793795,0.012702715,1.333174269,0.023092853,1.638768858,0.0093046,1.86213714,0.011185514,41.32352154,0.108903712,278.0794172,0.021573832,88.34246713,0.061958773,33.1178534,0.064413293,91.96305192,0.089078849,637.0856655,0.005771761,14.15935106,0.111770986,22.97747501,0.162038963,0.906432272,0.071457942,1.220560376,0.011151419,21.05087627,0.028896675,580.8049285,0.023280271,606.0282985,0.023592013,14.06016961,0.847121652,0.196444952,0.655806408,0.849040028,0.022285801,4.053142533,0.007878259,64.66132097,0.962804971,14.02051555,0.02794318,1473
Zr-1.38Sn-0.2Fe-0.1Cr,33279.41738,3.11333,47.76415,2.930506667,5671.465569,40.03227035,0.036639594,4.016596992,0.060518326,1.601374597,0.015910763,91.3272316,0.042136032,2109.824242,0.07926317,4651.577942,0.04685619,6.503976119,0.017545669,0.159852056,0.014954654,1.338903699,0.053565129,1.63554638,0.022197863,1.863605574,0.017219459,41.55885533,0.169104568,278.3290647,0.047545001,88.36602659,0.132560895,33.14930302,0.141187012,91.12981101,0.069567799,638.0460053,0.015826002,13.93767468,0.055486311,23.38355993,0.27041775,0.911851119,0.110202017,1.227279402,0.047380044,20.8269357,0.07155556,575.7356898,0.059010966,600.7962884,0.056471924,14.088393,0.845423995,0.201586327,0.930252512,0.852181951,0.04172057,4.05684477,0.013822025,62.17823578,0.509866652,14.05012368,0.037723404,1223
Zr-1.38Sn-0.2Fe-0.1Cr,41267.35171,3.08804,,,,40.03227035,0.036639594,4.016596992,0.060518326,1.601374597,0.015910763,91.3272316,0.042136032,2109.824242,0.07926317,4651.577942,0.04685619,6.503976119,0.017545669,0.159852056,0.014954654,1.338903699,0.053565129,1.63554638,0.022197863,1.863605574,0.017219459,41.55885533,0.169104568,278.3290647,0.047545001,88.36602659,0.132560895,33.14930302,0.141187012,91.12981101,0.069567799,638.0460053,0.015826002,13.93767468,0.055486311,23.38355993,0.27041775,0.911851119,0.110202017,1.227279402,0.047380044,20.8269357,0.07155556,575.7356898,0.059010966,600.7962884,0.056471924,14.088393,0.845423995,0.201586327,0.930252512,0.852181951,0.04172057,4.05684477,0.013822025,62.17823578,0.509866652,14.05012368,0.037723404,1248
Zr-1.38Sn-0.2Fe-0.1Cr,6712.67868,2.59015,,,,40.03227035,0.036639594,4.016596992,0.060518326,1.601374597,0.015910763,91.3272316,0.042136032,2109.824242,0.07926317,4651.577942,0.04685619,6.503976119,0.017545669,0.159852056,0.014954654,1.338903699,0.053565129,1.63554638,0.022197863,1.863605574,0.017219459,41.55885533,0.169104568,278.3290647,0.047545001,88.36602659,0.132560895,33.14930302,0.141187012,91.12981101,0.069567799,638.0460053,0.015826002,13.93767468,0.055486311,23.38355993,0.27041775,0.911851119,0.110202017,1.227279402,0.047380044,20.8269357,0.07155556,575.7356898,0.059010966,600.7962884,0.056471924,14.088393,0.845423995,0.201586327,0.930252512,0.852181951,0.04172057,4.05684477,0.013822025,62.17823578,0.509866652,14.05012368,0.037723404,1273
Zr-1.5Nb-0.4Sn-0.2Fe-0.1Cr,12820.10053,2.90995,31.37035,2.823623333,3318.82096,39.97167755,0.029702916,4.031279477,0.067013444,1.598689406,0.02051165,91.14498825,0.033170244,2131.225127,0.055725384,4670.255656,0.033730315,6.526058097,0.037782091,0.159587137,0.019593523,1.338118776,0.04249095,1.63618387,0.019147307,1.864356091,0.016511339,41.7176281,0.161611138,278.5176019,0.045074927,88.90214083,0.128048868,33.33243923,0.135956147,92.53836592,0.119118342,637.6806056,0.012730956,14.2256939,0.139735247,23.5070736,0.266439361,0.915040194,0.11643565,1.223649831,0.03201239,21.01797311,0.053540564,579.5449905,0.046144447,604.9681663,0.044253839,14.02433103,0.848476364,0.212440733,1.018949008,0.847932018,0.039575837,4.05772598,0.013531294,69.56210121,1.131135893,13.9858292,0.044620265,1223
Zr-1.5Nb-0.4Sn-0.2Fe-0.1Cr,5630.1006,2.75541,,,,39.97167755,0.029702916,4.031279477,0.067013444,1.598689406,0.02051165,91.14498825,0.033170244,2131.225127,0.055725384,4670.255656,0.033730315,6.526058097,0.037782091,0.159587137,0.019593523,1.338118776,0.04249095,1.63618387,0.019147307,1.864356091,0.016511339,41.7176281,0.161611138,278.5176019,0.045074927,88.90214083,0.128048868,33.33243923,0.135956147,92.53836592,0.119118342,637.6806056,0.012730956,14.2256939,0.139735247,23.5070736,0.266439361,0.915040194,0.11643565,1.223649831,0.03201239,21.01797311,0.053540564,579.5449905,0.046144447,604.9681663,0.044253839,14.02433103,0.848476364,0.212440733,1.018949008,0.847932018,0.039575837,4.05772598,0.013531294,69.56210121,1.131135893,13.9858292,0.044620265,1248
Zr-1.5Nb-0.4Sn-0.2Fe-0.1Cr,15884.76348,2.80551,,,,39.97167755,0.029702916,4.031279477,0.067013444,1.598689406,0.02051165,91.14498825,0.033170244,2131.225127,0.055725384,4670.255656,0.033730315,6.526058097,0.037782091,0.159587137,0.019593523,1.338118776,0.04249095,1.63618387,0.019147307,1.864356091,0.016511339,41.7176281,0.161611138,278.5176019,0.045074927,88.90214083,0.128048868,33.33243923,0.135956147,92.53836592,0.119118342,637.6806056,0.012730956,14.2256939,0.139735247,23.5070736,0.266439361,0.915040194,0.11643565,1.223649831,0.03201239,21.01797311,0.053540564,579.5449905,0.046144447,604.9681663,0.044253839,14.02433103,0.848476364,0.212440733,1.018949008,0.847932018,0.039575837,4.05772598,0.013531294,69.56210121,1.131135893,13.9858292,0.044620265,1273
Zr-0.5Sn-0.5Fe-0.2Cr,0.06178,1.64243,49.22784,2.81382,5736.505411,39.86839305,0.042388296,4.039550212,0.09349842,1.598880911,0.024133373,90.90013627,0.047136419,2119.388021,0.049119352,4653.390824,0.044029249,6.506161479,0.020536117,0.159615538,0.022662001,1.337635549,0.046548317,1.6346366,0.02665355,1.861942926,0.010998841,41.02528662,0.119187784,279.8078337,0.066709041,89.60447774,0.184906429,33.62963621,0.196057606,91.85713469,0.091626518,638.1740081,0.01848443,13.99624273,0.04272579,23.48897606,0.305983891,0.915497338,0.14186318,1.22652164,0.042791165,20.88604725,0.051572668,576.1505823,0.053556358,601.5661834,0.046569336,14.02742723,0.847331186,0.215226923,1.276265782,0.848763708,0.044379773,4.058280569,0.016716817,62.481822,0.548645976,13.99008852,0.052794954,873
Zr-0.5Sn-0.5Fe-0.2Cr,177256.0147,3.32494,,,,39.86839305,0.042388296,4.039550212,0.09349842,1.598880911,0.024133373,90.90013627,0.047136419,2119.388021,0.049119352,4653.390824,0.044029249,6.506161479,0.020536117,0.159615538,0.022662001,1.337635549,0.046548317,1.6346366,0.02665355,1.861942926,0.010998841,41.02528662,0.119187784,279.8078337,0.066709041,89.60447774,0.184906429,33.62963621,0.196057606,91.85713469,0.091626518,638.1740081,0.01848443,13.99624273,0.04272579,23.48897606,0.305983891,0.915497338,0.14186318,1.22652164,0.042791165,20.88604725,0.051572668,576.1505823,0.053556358,601.5661834,0.046569336,14.02742723,0.847331186,0.215226923,1.276265782,0.848763708,0.044379773,4.058280569,0.016716817,62.481822,0.548645976,13.99008852,0.052794954,1173
Zr-0.5Sn-0.5Fe-0.2Cr,1001846.539,3.15116,,,,39.86839305,0.042388296,4.039550212,0.09349842,1.598880911,0.024133373,90.90013627,0.047136419,2119.388021,0.049119352,4653.390824,0.044029249,6.506161479,0.020536117,0.159615538,0.022662001,1.337635549,0.046548317,1.6346366,0.02665355,1.861942926,0.010998841,41.02528662,0.119187784,279.8078337,0.066709041,89.60447774,0.184906429,33.62963621,0.196057606,91.85713469,0.091626518,638.1740081,0.01848443,13.99624273,0.04272579,23.48897606,0.305983891,0.915497338,0.14186318,1.22652164,0.042791165,20.88604725,0.051572668,576.1505823,0.053556358,601.5661834,0.046569336,14.02742723,0.847331186,0.215226923,1.276265782,0.848763708,0.044379773,4.058280569,0.016716817,62.481822,0.548645976,13.99008852,0.052794954,1273
Zr-0.5Sn-0.5Fe-0.2Cr,1932.37373,1.96536,,,,39.86839305,0.042388296,4.039550212,0.09349842,1.598880911,0.024133373,90.90013627,0.047136419,2119.388021,0.049119352,4653.390824,0.044029249,6.506161479,0.020536117,0.159615538,0.022662001,1.337635549,0.046548317,1.6346366,0.02665355,1.861942926,0.010998841,41.02528662,0.119187784,279.8078337,0.066709041,89.60447774,0.184906429,33.62963621,0.196057606,91.85713469,0.091626518,638.1740081,0.01848443,13.99624273,0.04272579,23.48897606,0.305983891,0.915497338,0.14186318,1.22652164,0.042791165,20.88604725,0.051572668,576.1505823,0.053556358,601.5661834,0.046569336,14.02742723,0.847331186,0.215226923,1.276265782,0.848763708,0.044379773,4.058280569,0.016716817,62.481822,0.548645976,13.99008852,0.052794954,1373
Zr-1Nb-0.008Fe-0.002Cr,13.32462,1.98223,37.13592,2.836983333,3655.990312,40.00742833,0.00526481,4.010412617,0.027249858,1.60123165,0.011096376,91.23055915,0.005430081,2134.068197,0.02879232,4682.026755,0.008300842,6.508951264,0.029030555,0.159827465,0.010832323,1.33272823,0.020478996,1.639150219,0.005693399,1.86207363,0.011131202,41.33374178,0.107236322,277.9077456,0.009228992,88.19101955,0.028671268,33.05838006,0.026917902,91.8874984,0.085338166,636.998194,0.002868367,14.15733475,0.111477524,22.91544687,0.138088557,0.905302787,0.059158291,1.220165023,0.00434192,21.0559952,0.027446382,581.0412477,0.019385077,606.2247791,0.02122874,14.06712663,0.846916895,0.193898631,0.51834432,0.849313185,0.018781056,4.052555655,0.006384895,64.37360611,0.957212913,14.02725207,0.023475739,1073
Zr-1Nb-0.008Fe-0.002Cr,11536.27029,2.59866,,,,40.00742833,0.00526481,4.010412617,0.027249858,1.60123165,0.011096376,91.23055915,0.005430081,2134.068197,0.02879232,4682.026755,0.008300842,6.508951264,0.029030555,0.159827465,0.010832323,1.33272823,0.020478996,1.639150219,0.005693399,1.86207363,0.011131202,41.33374178,0.107236322,277.9077456,0.009228992,88.19101955,0.028671268,33.05838006,0.026917902,91.8874984,0.085338166,636.998194,0.002868367,14.15733475,0.111477524,22.91544687,0.138088557,0.905302787,0.059158291,1.220165023,0.00434192,21.0559952,0.027446382,581.0412477,0.019385077,606.2247791,0.02122874,14.06712663,0.846916895,0.193898631,0.51834432,0.849313185,0.018781056,4.052555655,0.006384895,64.37360611,0.957212913,14.02725207,0.023475739,1173
Zr-1Nb-0.008Fe-0.002Cr,16.54256,1.57234,,,,40.00742833,0.00526481,4.010412617,0.027249858,1.60123165,0.011096376,91.23055915,0.005430081,2134.068197,0.02879232,4682.026755,0.008300842,6.508951264,0.029030555,0.159827465,0.010832323,1.33272823,0.020478996,1.639150219,0.005693399,1.86207363,0.011131202,41.33374178,0.107236322,277.9077456,0.009228992,88.19101955,0.028671268,33.05838006,0.026917902,91.8874984,0.085338166,636.998194,0.002868367,14.15733475,0.111477524,22.91544687,0.138088557,0.905302787,0.059158291,1.220165023,0.00434192,21.0559952,0.027446382,581.0412477,0.019385077,606.2247791,0.02122874,14.06712663,0.846916895,0.193898631,0.51834432,0.849313185,0.018781056,4.052555655,0.006384895,64.37360611,0.957212913,14.02725207,0.023475739,1273
Zr-1Nb-0.008Fe-0.002Cr,6941698.207,2.91846,,,,40.00742833,0.00526481,4.010412617,0.027249858,1.60123165,0.011096376,91.23055915,0.005430081,2134.068197,0.02879232,4682.026755,0.008300842,6.508951264,0.029030555,0.159827465,0.010832323,1.33272823,0.020478996,1.639150219,0.005693399,1.86207363,0.011131202,41.33374178,0.107236322,277.9077456,0.009228992,88.19101955,0.028671268,33.05838006,0.026917902,91.8874984,0.085338166,636.998194,0.002868367,14.15733475,0.111477524,22.91544687,0.138088557,0.905302787,0.059158291,1.220165023,0.00434192,21.0559952,0.027446382,581.0412477,0.019385077,606.2247791,0.02122874,14.06712663,0.846916895,0.193898631,0.51834432,0.849313185,0.018781056,4.052555655,0.006384895,64.37360611,0.957212913,14.02725207,0.023475739,1373
Zr-1Nb-0.008Fe-0.002Cr,52450500,2.99383,,,,40.00742833,0.00526481,4.010412617,0.027249858,1.60123165,0.011096376,91.23055915,0.005430081,2134.068197,0.02879232,4682.026755,0.008300842,6.508951264,0.029030555,0.159827465,0.010832323,1.33272823,0.020478996,1.639150219,0.005693399,1.86207363,0.011131202,41.33374178,0.107236322,277.9077456,0.009228992,88.19101955,0.028671268,33.05838006,0.026917902,91.8874984,0.085338166,636.998194,0.002868367,14.15733475,0.111477524,22.91544687,0.138088557,0.905302787,0.059158291,1.220165023,0.00434192,21.0559952,0.027446382,581.0412477,0.019385077,606.2247791,0.02122874,14.06712663,0.846916895,0.193898631,0.51834432,0.849313185,0.018781056,4.052555655,0.006384895,64.37360611,0.957212913,14.02725207,0.023475739,1473
Zr-30Fe-20Ni-5Mo,1115.0644,2.01196,20.03683,2.014133333,1840.708916,31.91661077,0.206059049,7.019208514,0.339750686,1.372123943,0.123625248,70.25515965,0.241147635,1504.643673,0.501196032,2882.486692,0.601698336,7.69716503,0.135309054,0.137780799,0.119038253,1.687944457,0.158948885,1.369929323,0.148732721,1.843561845,0.070191308,49.26604845,0.754223576,381.5089437,0.219687663,173.8330595,0.383252001,65.19261486,0.384747145,147.2457338,0.287772421,707.53641,0.076132423,15.62098109,0.289638146,64.9902809,0.502909546,1.648771947,0.352825167,1.50832025,0.149614231,17.92202123,0.260443994,444.4357388,0.245400753,493.6129552,0.187571507,9.488160139,0.935846697,2.19998304,0.749470746,0.851927705,0.180168161,1203.77878,1.776085044,262.6817363,0.592665542,9.478437696,0.356051607,1173
Zr-30Fe-20Ni-5Mo,1117.68475,1.90334,,,,31.91661077,0.206059049,7.019208514,0.339750686,1.372123943,0.123625248,70.25515965,0.241147635,1504.643673,0.501196032,2882.486692,0.601698336,7.69716503,0.135309054,0.137780799,0.119038253,1.687944457,0.158948885,1.369929323,0.148732721,1.843561845,0.070191308,49.26604845,0.754223576,381.5089437,0.219687663,173.8330595,0.383252001,65.19261486,0.384747145,147.2457338,0.287772421,707.53641,0.076132423,15.62098109,0.289638146,64.9902809,0.502909546,1.648771947,0.352825167,1.50832025,0.149614231,17.92202123,0.260443994,444.4357388,0.245400753,493.6129552,0.187571507,9.488160139,0.935846697,2.19998304,0.749470746,0.851927705,0.180168161,1203.77878,1.776085044,262.6817363,0.592665542,9.478437696,0.356051607,1273
Zr-30Fe-20Ni-5Mo,20643.45565,2.1271,,,,31.91661077,0.206059049,7.019208514,0.339750686,1.372123943,0.123625248,70.25515965,0.241147635,1504.643673,0.501196032,2882.486692,0.601698336,7.69716503,0.135309054,0.137780799,0.119038253,1.687944457,0.158948885,1.369929323,0.148732721,1.843561845,0.070191308,49.26604845,0.754223576,381.5089437,0.219687663,173.8330595,0.383252001,65.19261486,0.384747145,147.2457338,0.287772421,707.53641,0.076132423,15.62098109,0.289638146,64.9902809,0.502909546,1.648771947,0.352825167,1.50832025,0.149614231,17.92202123,0.260443994,444.4357388,0.245400753,493.6129552,0.187571507,9.488160139,0.935846697,2.19998304,0.749470746,0.851927705,0.180168161,1203.77878,1.776085044,262.6817363,0.592665542,9.478437696,0.356051607,1373